candidate_key,entity_type,candidate_name,biblical_references,explicit_textual_description,proposed_proposition,source_status,external_source,external_identifier,review_status,coverage_classification,obstacle_classification,exclusion_reason,review_notes,proposed_mapping_decision,disposition
P31_GEN6_NEPHILIM_ON_EARTH,CONCEPT,Nephilim in Genesis 6:4,Genesis 6:4,"Genesis 6:4 explicitly mentions the Nephilim and states that they were on the earth.",nephilim_gen6 locatedAt gen1_earth,EXPLICIT_IN_SELECTED_CORPUS,,,ALREADY_INGESTED,DIRECTLY_REPRESENTED,DATA_ENTRY,,"Retained as the bounded direct-source claim from the existing Phase 30 corpus.",Reuse existing direct claim and mapping.,INGESTED_DIRECT_SOURCE_CLAIM
P31_GEN6_SONS_OF_GOD,CONCEPT,Sons of God in Genesis 6:1-4,Genesis 6:1-4,"Genesis 6:1-4 explicitly names sons of God.",sons_of_god_gen6 identityOf divine_beings,EXPLICIT_IN_SELECTED_CORPUS,"Hendel 2004; Wenham 1987",,CANDIDATE_REQUIRES_REVIEW,NOT_YET_MODELED,REGISTRY_EXPRESSIVENESS,,"Direct mention is represented; identity interpretation remains contested and unpromoted.",Keep as competing scholarly candidate.,SCHOLARLY_POSITION_CANDIDATE
P31_GEN6_DAUGHTERS_OF_MAN,CONCEPT,Daughters of man in Genesis 6:1-4,Genesis 6:1-4,"Genesis 6:1-4 explicitly names daughters of man.",daughters_of_man_gen6 identityOf specific_lineage,EXPLICIT_IN_SELECTED_CORPUS,,,CANDIDATE_REQUIRES_REVIEW,NOT_YET_MODELED,REGISTRY_EXPRESSIVENESS,,"Direct mention is represented; lineage/theological interpretation is unmodeled.",Keep as unresolved interpretive candidate.,UNRESOLVED_RESEARCH_QUESTION
P31_GEN6_MIGHTY_MEN,CONCEPT,Mighty men in Genesis 6:4,Genesis 6:4,"Genesis 6:4 explicitly names mighty men.",mighty_men_gen6 sameAs nephilim_gen6,EXPLICIT_IN_SELECTED_CORPUS,"Hendel 2004; Wenham 1987",,CANDIDATE_REQUIRES_REVIEW,NOT_YET_MODELED,REGISTRY_EXPRESSIVENESS,,"Textual relationship to Nephilim is contested and not promoted as settled identity.",Preserve as competing interpretation without ranking.,SCHOLARLY_POSITION_CANDIDATE
P31_GEN6_MEN_OF_RENOWN,CONCEPT,Men of renown in Genesis 6:4,Genesis 6:4,"Genesis 6:4 explicitly names men of renown.",men_of_renown_gen6 sameAs mighty_men_gen6,EXPLICIT_IN_SELECTED_CORPUS,,,CANDIDATE_REQUIRES_REVIEW,NOT_YET_MODELED,REGISTRY_EXPRESSIVENESS,,"Direct mention is represented; equivalence with other groups remains interpretive.",Preserve as unresolved candidate.,UNRESOLVED_RESEARCH_QUESTION
P31_GEN6_LXX_COMPARISON,CONCEPT,Septuagint comparison layer,Genesis 6:1-4 (LXX),"LXX Genesis 6:1-4 is represented as a distinct textual tradition locator.",lxx_genesis_6 harmonizesWith mt_genesis_6,EXPLICIT_IN_SELECTED_CORPUS,,,CANDIDATE_REQUIRES_REVIEW,NOT_YET_MODELED,QUERY,,"Distinct textual traditions are retained without harmonization or contradiction labeling.",Keep as comparison-only observation.,TEXTUAL_COMPARISON_OBSERVATION
P31_NUM13_NEPHILIM_REFERENCE,CONCEPT,Numbers 13:33 later biblical reference,Numbers 13:33,"Numbers 13:33 contains a later report mentioning Nephilim.",mt_num_13_33 samePopulationAs mt_gen_6_4,EXPLICIT_IN_SELECTED_CORPUS,,,CANDIDATE_REQUIRES_REVIEW,NOT_YET_MODELED,QUERY,,"Retrieved independently with no automatic chronology or population unification.",Keep as later-reference observation only.,EVIDENCE_ONLY
P31_1ENOCH_WATCHERS,CONCEPT,1 Enoch 6-7 Watchers and giants tradition,,"1 Enoch 6-7 develops later Jewish tradition associated with Genesis 6 reception.",one_enoch proves genesis_identity,OUTSIDE_SELECTED_CORPUS,1 Enoch 6-7,,EXCLUDED,EXCLUDED,DATA_ENTRY,Later Jewish tradition is not the Genesis primary source.,"Kept as separately cited later-tradition observation only.",LATER_TRADITION_SOURCE_OBSERVATION
P31_SCHOLARLY_COMPARISON,CONCEPT,Competing scholarly readings,,"Hendel, Kline, and Wenham provide competing interpretive readings.",divine_being strongerThan sethite_royal_human,OUTSIDE_SELECTED_CORPUS,"Hendel 2004; Kline 1962; Wenham 1987",,CANDIDATE_REQUIRES_REVIEW,NOT_YET_MODELED,REGISTRY_EXPRESSIVENESS,,"Comparison is allowed; truth ranking is not promoted into biblical knowledge.",Keep as unresolved research synthesis candidate.,UNRESOLVED_RESEARCH_CONCLUSION
